2.6844048101280347,2.456530443311193
-0.013829315157366746,0.12576869990153922
2.658435144292594,2.4334427651886226
2.5893005019808637,2.373577280266781
-0.5288001425958058,-0.7653148625251772
1.959577303891463,1.8038420786960436
3.0395153776356776,2.7871350175723504
2.98242737380358,2.740949098878911
2.223701116204375,2.043232390965352
2.871548054953643,2.636328227060343
1.930388057985259,1.767624898520199
-0.6637385353217994,-0.11744471638013868
1.1297659566625655,1.0339953168077605
2.3561640572741704,2.165167778425372
-0.1471414261252261,-0.4135925628113515
-1.0163747643362826,0.22830145633164026
1.9494026313505695,1.7859158675065556
-0.22750899114412082,-0.07181591400041376
-0.05741016289439743,-0.47119522547342313
-1.3098752304403267,0.1552474851940462
-0.08211858967925768,-0.6941900403696588
-0.4057938976301598,-0.16244322897410338
1.7747370873939596,1.6241294958222847
-1.2484467284633276,-1.1744861419191583
-0.12491607868950438,0.6805449698187495
2.589184111575435,2.3784229262494803
2.9230143647903444,2.6791852162522773
2.054862367190935,1.883900232466302
-0.8899269497683674,-0.7213576423822193
1.7999112921368556,1.6491350469051014
0.86035534228095,0.7951992876301378
-0.6956580063787275,-0.13083791954739274
3.032556633655364,2.7795973186664265
0.06300623810472131,-0.042704299163456305
-0.052987274219346715,0.4439950921102291
2.437558271274058,2.2338949809941946
-0.4218364097025483,-0.28387522646860724
-0.6643462063080625,-0.26353850619846675
-1.2002306825648386,-2.6590774336992724
-1.2139581030398419,-1.1430175845647543
-0.11389547351943193,0.28486060114183337
2.9325059390461385,2.6868742909510037
-0.4949878401339982,-1.182941735163681
-0.2307661603946978,-0.41007394378863127
1.9594092896026947,1.8036600859220309
-1.1243022065315365,-1.1096951506288273
0.0483245495515128,-0.48978137071474986
2.4539018494898994,2.254043041269307
-0.22540141754116796,-1.1428629142887252
-0.5170636001834712,-1.1849385628264435
-0.62778914998402,-1.1744861419191583
-0.40364738136951045,-0.49612589487915637
1.8575333323357253,1.7070134836339628
0.29266734072095935,-0.8127280173823421
2.5393578829145977,2.324451245393336
2.88231756956682,2.6428511423959966
3.226651759954787,2.958021410717109
0.03199107500199729,0.8805134106114034
2.307699928744492,2.119891610912534
-0.9913941136676535,-0.6408816466430632
2.4246562928422852,2.227240959304226
-0.723100612314926,0.06924418913108357
-0.8079023116648846,-0.3995062693601941
2.367881018865301,2.1706017454511572
1.454044310588385,1.3342887416019917
-0.24053899986809585,1.1833449688425486
-0.1619449154579767,-0.7210402586318467
1.478846814979046,1.3611547695431176
0.05026663951319141,-0.7989128131237682
1.5464145608751048,1.4169055403093436
-1.2082945386274955,-0.917631651308054
-0.6587681523820744,0.38374116864955937
0.4066401474814925,-0.6369946420683004
-0.878002892335219,-0.16200985707512458
2.8709950415801293,2.6280083680896174
3.485070547471998,3.194410291589485
1.8665602045791778,1.7167913753377213
-0.5612282065617077,0.28934495815212086
-0.7114429975181863,-0.12911680432752426
1.9846182943298294,1.8194384717760703
0.07398326526239639,0.14098123328093332
0.32105086146734835,-0.9576093415876861
-1.4558433026006008,-0.45124241806343623
3.1289032327467536,2.8654830655301535
-0.6344608377133727,-1.718910885932713
1.7944458778357615,1.6432149200094224
-0.8253424685977966,-1.2128234361406467
2.1486833644557475,1.97380067685483
0.770558777997453,0.7098611839423146
1.5583628380354901,1.432040335084548
1.8470736607004474,1.6911306032094648
-1.0359959012306958,0.011135930867844753
0.20152674116117344,0.7501144083096827
2.1098200774634126,1.938751856360091
-0.5806107867550183,0.022121834684503763
-0.32645345282008115,0.15966230938844572
2.8820622132440143,2.645148148705902
1.7837935997249228,1.6407060167340977
2.920692853036001,2.6818409476613354
-0.7922368844528946,-0.5247207765955781
-0.6791763889130418,-0.21370771739144662
-0.4468542085681347,-0.9913455116020801
1.962844065707936,1.7981661013307122
-1.1477549404653546,-1.2774180247431446
-0.20366043004653275,-0.7090067096230269
1.8595810950205733,1.7092316164741643
-1.0996808655804002,0.7754830203304675
1.4531468515479715,1.3333166155909644
0.16460443457189775,0.6212434150859655
2.488849897813158,2.274695316393046
-1.2604225038870038,-0.7548986080151768
2.261747974773844,2.0796851296545094
0.5453152571395652,1.1895376241268274
-0.3159646436126576,0.2684473464643552
2.125096719131103,1.9552994870116915
0.19385402379168146,-0.5255734672431529
-0.27882889624025187,0.1974134584968978
-1.2797541189531745,-0.7033346839206435
1.6986948456653752,1.5552597490429387
1.6727843420110196,1.5383396471088457
-0.843525741434046,-0.3575204521819122
-0.8870699309242692,-0.1514554456187232
-0.9043260196775941,-1.094379333725976
-0.5383701995190268,-0.04494865670961172
2.048462261948067,1.8746304168011383
2.542211743636916,2.3349673557927444
-0.18974000871035737,0.634955905959164
1.53259392721204,1.4128610886978619
1.914111785340118,1.7591777879559567
1.4143669596127142,1.302093225174525
0.20120867012894053,-0.8964039842838915
-0.9420965134446951,-2.281263510604301
1.9240347502658743,1.7607430070781043
1.2143441581554808,1.1193479713544976
-0.31040743371619184,-0.7611404060401941
3.702153992806009,3.3932217724255893
-0.3206198167434124,-0.349066503194704
2.039749729883586,1.869863492413116
-0.9583485528195153,0.3598290534710437
2.603260475370853,2.386206250321199
1.2850457150035193,1.1833155255844336
3.2639812801910204,2.995773467286164
0.7097794384918749,0.30690381241021386
-0.3202908886727536,-1.2378246924916552
1.6470862330148988,1.5082817170524327
3.055228670494368,2.804155628005056
-0.8000178218535337,-1.4012686347848848
-1.1210182964568256,-0.8662542963783849
2.5565048335850133,2.3479790205776956
-0.40922001543070985,0.39189137089730103
1.5671756504244319,1.4437751732153299
-0.49808516686527843,0.2064469342015548
-0.4512718570220136,0.3906152536034643
-0.10767809921835968,-0.007594595703408514
1.65473280301639,1.5143389738802229
-0.4925176264692984,-0.349066503194704
-0.9464891703692632,-0.24967334594323465
-1.7556843110464486,0.013361304711970303
-0.09804718772888173,-0.01078034565941055
-1.0895583883726232,0.15681780419980826
-0.84115800300807,-0.3519698796145554
2.0815582903781733,1.9081387396546294
1.4933171285469014,1.3746617447938503
2.384658262581224,2.193617582697077
-1.0690057853475181,-1.087163433478504
1.2129859008710824,1.1136849265329445
1.2621575245750518,1.1585230790681544
-0.7060205707023837,-0.4416708481675488
0.8141182296672561,0.7550643022082676
2.3360734179783957,2.138571295605176
1.881110907714646,1.7234312969401497
-0.22168061910843745,-1.1055197775434205
1.4311808642800365,1.3116867755887915
0.6407115781707731,0.5946754346476795
0.7760630777119302,0.08371377285661692
-0.13802795302759535,0.660447359819061
-0.6370251258542465,-0.937866797196608
0.039389889718827786,-1.0046952902690576
0.07456483323830268,0.5491655766961198
0.9982365056290259,-0.4360214070631281
-0.3350509097114176,-0.9990764793837207
3.0083643204677073,2.761239308958204
1.0387169568377022,0.9580758013635775
-0.0892450100150455,-1.4795202879703275
0.0635404705792164,-1.014703749766433
-0.24937802432954406,-0.9168958278211975
0.827761431965602,0.7658724211499885
-0.31154307450886365,0.0662516517107474
1.1574128598377054,1.0681004387893547
-1.1592601007153853,-0.0029043421980720022
2.5109510913933124,2.2986352893451154
2.2788805280586244,2.088674488162394
-0.26812745375156194,0.32765484495181885
-1.6914590864471066,-0.6263676605154288
-0.6062758890315306,0.004373031325941442
-0.5344275227127664,1.1112457188922085
1.0134222831418074,2.707667995389249
1.013815895126996,0.9311030163114249
2.1194828654283207,1.9445240526172853
1.3123317196966262,1.208638864926793
1.1602085653972578,1.0690513954233318
-0.4514068054287622,1.4864617094573649
-1.6156870257642313,-0.3736824134809844
1.6989185975250247,1.5622009466541715
-1.2529451402215652,-1.2431035039514897
1.5000418518901943,1.3776007395264955
0.5239817311992193,0.4798136188790066
1.355390122223353,1.2489045161112755
-0.8316067869846384,0.9370800410286321
-0.5612282065617077,1.1094387326095068
-0.6779361082118612,-0.4835540953398278
1.9363360104246594,1.7832510284113139
0.5140391133516823,0.4805163168995117
0.9835153926513269,0.9084702648057861
0.6334545123954562,0.5868145941124537
1.7233732624328555,1.581991365494907
0.1177965161423288,0.11436280216507477
2.0054608429376604,1.8373763800333967
1.9138601903391728,1.7589052607055253
-0.22346533080582934,-1.1234317214908223
1.851348253205985,1.7003138170962182
-2.0372450833189237,0.5342056972160879
1.2226553641941829,1.1262564603038467
1.0522309758427457,0.9706666337451034
1.2138629521827948,1.1188267299143366
0.763013655449796,0.2036018204324317
-0.517534225864647,-0.16173944781443117
1.3998972731872341,1.28427017985834
2.590081298010635,2.3719305892176403
-1.7125580411239034,-0.44560930994938236
-0.4879300868062835,-0.937866797196608
-0.908378096921539,-0.6652441953162757
0.9587109365794567,0.8795708831684371
0.0266514946202851,0.026429006694657992
-0.5691593699431367,0.36775111163275664
-1.1071446183478246,-1.1157736695255396
-0.8539008053096101,-0.9705110293451282
2.2979893968588763,2.1045639659836635
1.0345932141340395,0.9536089707180028
1.6702235242262335,1.5355657739114585
1.1892647350145236,1.0900877911088578
-0.2951039128060037,0.39934724488036843
1.7172564643000277,1.5798352783765957
-1.1567586770970646,-0.5958021116886082
-0.8953581143036873,-0.10906363458757125
0.7682898043748917,0.7113549037911937
-1.3662807770972127,-1.6455273328145334
-0.5690339028356308,-1.1137633644333558
1.2337293101249425,1.1298409365891704
0.7270864492875239,0.6686945855632268
1.5056840657732378,1.3815343865086491
1.6210644693322336,1.4911670070488254
-0.6660892220737242,0.011135930867844753
-0.3196172373334366,-0.5301960993553352
-0.4312435205068236,-0.8880339752322596
1.7070730644671508,1.5643350205106734
1.475954951934733,1.3515098530165355
-0.2557394126622558,-0.7565844174847299
2.279517688883553,2.094157233072632
-0.5134677761142472,-0.3995062693601941
1.1195036937671112,1.029111300011517
-1.1150911542854565,-0.8736009233042226
1.1968795392094074,1.0962385446829903
2.4500035291560036,2.247375661845041
-0.33130499528115126,-0.021710811856713714
1.856444814319427,1.708105140830705
0.32232094155659524,0.21916710671875334
0.05249571540353362,0.3406408940055926
-1.430010189421596,-0.9844596234710409
1.8705441949636834,1.7188322561093436
1.4970807734928353,1.370033726972566
1.2616336751462511,1.1579556463133673
-0.6534867232254723,0.4563388166417886
0.11916348536506212,-0.6898568300323267
0.057087185120239546,-2.0156809728307343
-0.2673578544091329,0.0389934319462657
0.10272481988612675,2.1297666030384073
-0.28347076615745015,1.731320917279472
-0.49786975607614836,-0.2737861003086161
1.8608099279876453,1.703727438597971
-0.38377095597215966,-0.44924645201220526
1.2794685046449397,1.1793855494486678
-0.7613115287147831,0.9171916275694973
-0.1833653989648409,0.021434672054640728
1.0739788724018982,0.9860009096301156
-0.08367239703865409,0.6244000488910032
2.69718136337667,2.470369982704544
1.4264074194570142,1.3129859223975244
-0.5609965297834324,-0.23651980815143034
1.5384784207867213,1.4126903859238367
0.3944131066223304,0.24624714305929854
0.30791505405784236,1.0635855165038655
-0.0018998772782211006,-0.3204649027560761
1.971863404186134,1.8079358324735557
2.8398475960419396,2.607114551383271
1.3302179413832154,1.217370591218629
0.6552884227440404,0.6065810450023976
-0.8580176180443505,-0.29042458193568105
-0.3378146254378421,-0.9621867426699933
-0.5750575002499384,0.4907804915032168
-0.15264459229651076,-0.5406893469047471
0.26937526122766486,0.2474329552009662
1.3019240927124365,1.1994834700574062
2.1177671666934255,1.9379549602755852
0.41835731975631296,0.35326886743620883
0.7133531934308005,0.6538187476333096
-0.8490196345005693,-1.2753683355821182
0.23474233775560646,-0.10108399956994377
-0.44514047918713706,-2.0906431780347465
1.1481470275059438,1.0580637059497018
-1.0299638498679438,-0.5108200787005427
-1.351374504177277,-0.05934192475661237
-0.2642875282343389,-1.1126248753250285
1.0656982645631505,0.9770313701811572
-0.4416045636352077,-0.2249738685108505
-0.688586101879351,0.3080660085400744
-0.5567431817514976,-0.19850569742252816
0.9093637918592349,0.842277928032718
-1.129512650924658,-0.7690906581728308
-0.8899269497683674,-0.8967121644632954
1.1706494335976636,1.078280225152953
-1.1056592602625914,-1.960711548639286
-0.8700765946573737,-0.6918481435206792
0.6620850518949029,0.606138669224514
-0.5674474409651975,0.052428978864431625
1.4449785487182967,1.3309490993645883
-0.8245198410958039,-0.9070271363504169
2.796489420957089,2.5627042876361688
1.5754110518538358,1.4417153077257665
-1.2070147834551577,-0.4040747249707701
1.1404307879699906,1.0538501549627763
1.323357120604231,1.2120744378372215
2.669009466943289,2.4423777830568416
0.06004056173828818,0.06259598386731105
1.2529700115157254,1.1485711815228739
1.1778928057231721,1.0798639322625099
-0.020207222736720484,-0.06486183611913614
1.4036750360612533,1.2862092090843251
-0.3107111773435891,-0.07401097430341465
-1.0509361709971317,-2.4953822234360215
0.8852923268252922,0.8202117447213952
0.7892604768222564,0.45819568945611217
0.7320413484908104,0.6720906418736007
0.8894909765776482,0.820751730427205
-0.18057577463175936,-0.04011430600735412
1.1601684901607137,1.0648432249307074
-0.7514235116330381,1.68553027266198E-4
0.8490820392963395,0.7849841473597597
-0.8655198898389946,-1.8778377618044948
-1.2485049296616098,-0.5079855232408066
-0.7818399245467665,0.27875044527635473
-0.0557432014647208,-0.1514554456187232
1.648633855981808,1.5166123634883433
1.2766903317383924,1.1763762375760434
-0.5259969052866148,-0.5259665515842361
1.6706075327998904,1.5337599464797471
0.8679605363875287,0.8014379806354313
2.0694628631563123,1.9020487046864663
0.8296243655612048,0.7639076303272612
0.2654493827969146,0.24318045077828063
0.9049473211798276,0.8314581627959369
1.6430671596004038,1.510582528026281
-0.7285747112345758,-0.4626474619351192
2.2086971031990004,2.029353696782969
-0.48338912115000204,-0.3035925542432098
1.068564628815042,0.9801362107596365
-0.5768136677771849,0.34257219832123115
0.9936476608804881,0.9113010765765629
-1.0427395082501794,0.04368326628606523
-0.9849135502994946,-0.5406893469047471
-0.5626607697688986,0.8058495548414987
-1.794076256046217,-1.1557750180727848
0.656680241579232,0.6080886606499128
-0.5132872152788729,-0.05693175904313162
1.1704894199893114,1.0781068987015177
0.6318718544338205,0.5851002618680683
1.4779493559385595,1.360182643532088
-0.09719826033576086,-0.34127887530993645
1.2208895136125666,1.1243436941444964
1.5152546308094892,1.3940791941643729
0.054149308082496614,-0.5213033782803861
0.7361339244107911,0.6804627839302574
-0.4939030775847859,-0.6462443031857045
-1.7741529609812483,-2.089879003764545
0.8864050293976636,0.8113731858408849
0.9952324479368825,0.9130177150525386
-0.3882153246910074,-0.007594595703408514
1.346407872613679,1.2391749595638082
1.043990589333762,0.9637881905545548
-0.22863436672287157,0.319408071793782
1.674260607331024,1.5354914562297555
-0.7645390931022704,-0.36136913712939545
-0.6799607225421107,-0.9644123280515584
-0.006361083678104045,0.19198623198659254
-0.04220117566223396,-0.03390956635104177
-0.3803861242143102,-0.32191619395709875
-0.62529854974935,-1.6152997966831772
0.9430404304447012,0.8707022018972745
-0.1557749173325809,0.2420591112980987
1.6194480727382168,1.4916195065833104
0.9019802162210228,0.8342800522425343
1.2615897557904354,1.1621271416906327
-0.7925354096102505,-1.0418861472857945
0.7455802807173467,0.6906950600131899
0.4702085075669447,0.43494085152494627
1.3351216781270825,1.2226823099992548
1.5363297390650985,1.4081741220906865
-1.1187860587572853,-1.8249261359623468
0.8105646371728484,0.7492315349630057
1.0345351669352778,0.9555903492568814
0.42196977242356676,0.38837648884684106
-0.28205339014113134,-0.25712474393294293
1.840130066077667,1.6926999501678979
-0.854597039513814,-0.7790475665847875
1.1008193925354077,1.0067984972643498
0.7390688002121161,0.685606741133079
0.6683203025753168,0.618750605003569
-1.1477549404653546,-0.48129048302544425
-0.29022470273642836,-0.7841507394214172
1.4459671792243627,1.3255396075027384
-0.1670142059917304,-0.022909376602785626
-0.7925354096102505,-1.0418861472857945
-1.1394154139130315,-0.13231279473580235
0.9380571155267982,0.8632827247840518
0.48711158476465716,-0.5455892229240834
1.2262672063298328,1.1238658199379663
-0.23240174708879632,-0.1990637434038933
-0.3336056816186805,-0.8222240783103837
-0.11970374063339179,-0.10203869690092182
-1.1404401400514868,-1.068215763706511
-0.4322869621855136,0.11486248684013393
0.8383553287393171,0.7693696732035462
0.1466523569708107,-1.0016752627338892
-0.9500389506426974,-1.344103940191924
-0.8582198554268974,-0.8799618817570424
-0.05759892059092601,-0.6240036267786782
-0.8654036444900676,-1.551781645774796
-1.0188538843917119,-0.4647412686050357
-0.0140747253495671,-0.04150065482741869
0.5641325876891167,0.5233049540816783
-0.5595918958970797,-1.5602310496281409
1.1234750865599337,1.029261757519254
-0.5485789162495244,-0.22402447806188158
-0.13802795302759535,0.4939031946010543
-0.26969140956227866,-0.25241830036278357
-1.1010523262903198,-1.3014378519979193
1.5414868841372718,1.4115678897705237
-0.7416173918914993,-0.4014968342602844
0.34767546235451824,0.3191981309292874
0.2497702137592494,0.7153660646072065
-0.17256675813938963,-1.0064890791842072
1.2101344242921082,1.1084952212694614
0.4645755710607959,-0.12089703465336533
1.0066389967677027,0.923329012976328
-0.4932462794465685,0.660447359819061
0.675362212929964,0.6263783895759338
-0.9854900017070255,-0.22594842921199013
1.0240262751962192,0.9380645430844018
-0.07926312114072709,-0.07052082338647357
-0.7854250831350876,-0.38100364381304413
-0.6971315028526398,-0.5453473442275416
-0.6810785334010369,-1.0090844023279923
-0.0688759829732531,-0.37946820436023865
1.3868164458468466,1.2765390186483845
0.9109288895525239,0.8338974794257574
-0.9780560074370406,-0.06381142084089925
-1.0714155369183118,-1.7285290209451856
0.3948787985802727,0.3609216818485261
-0.9015047929969917,-0.36585894511314965
0.4419874301609829,0.40247006385506084
0.020603323922768604,0.02702015410678138
1.1634462278409663,1.0725584255323972
-1.0577944711704654,-0.9161372697729545
-0.07487817628068386,-0.06753683288770879
-0.26404311013754045,-1.0358459164095917
0.5311362374069026,0.057482659409329576
0.708844450636456,0.6509028752462797
0.8759598242819077,0.8101027948289434
-0.2334325126005464,-0.7335423976929896
0.2124698640701923,0.8300346908467005
0.14137771358384416,0.13265542440061096
0.20734728121637794,-0.6032797229909433
1.4127534591655604,1.293886365625174
-0.9913941136676535,-0.4668634418344082
0.6506272424848232,0.5976359241148805
0.7855723286250013,0.7261238348545832
0.4718432360281574,0.44050633752523877
-0.1701222404145739,0.37435175436415064
-0.6044849918567065,-0.024473435237199852
0.14713418762503802,0.6519593946419276
0.7139756639511966,0.6544930065763037
1.2541385987030498,1.149836993052757
0.9885763423000398,0.9058078334534271
0.8522532094624417,0.7884191531537883
0.036147245378155175,0.8459949797053664
0.28880697145971546,-0.40006290514979653
0.8086117524136538,0.7471161737204314
1.1618473821897182,1.0708265588118775
-0.11144776175840225,-0.10010155380091713
-0.3912315710355251,-0.35161063955059846
1.1763429190267527,1.082363337053379
0.3726894759065899,0.3444176284478581
-1.492830649989555,-2.133212051594995
1.2515384321138183,1.1533439677304507
-0.8000178218535337,-1.233226525317166
-0.4891004560099975,-0.4392771095488885
2.138398882374201,1.9650138479943542
-0.1306368631864113,0.09046302396980924
1.4000126556286034,1.2822421252171228
0.015265669980591253,0.15437119110600903
0.23148354785695402,0.21193884857975717
-0.7227942003920081,-0.7889882717283798
0.2991924336587696,0.2741553132285847
0.5919579926699405,0.5418656389243507
0.8408431057877723,0.7740636683167211
0.2285905457484481,0.21616608237018198
-0.002218413206734231,-1.3432334732676843
-0.8578004721368087,-1.962890140065221
0.6031817790692451,0.5520827370383755
0.2407938563062087,0.22938468631662443
1.3940246298306684,1.2822044365391567
-0.48147468128547366,-0.8466317305966754
-0.5392811622295861,-0.49528847407841065
0.013205679864746954,0.01900703942971427
-0.9090705762498181,-0.17174726037770865
0.22675066200282115,0.2141731236213353
-1.3620385501221755,-1.112085914405587
0.5137298150839944,0.47636893225612276
0.5263698390501935,0.49006058337743863
0.5104782398914727,0.4747544804931809
-0.5147940578059166,-0.8071918378753584
-0.3223408026575713,0.9723413496344174
-1.3457702628521002,-1.6711709532330377
-0.3108797279368289,1.5305910563673086
0.7882240726319044,0.7289961991715406
-0.6404246870051766,-1.1137633644333558
-0.5149965708180692,-1.4556884256202012
0.5918035870150848,0.5416983869980635
0.6124332999702305,-0.6561034021415232
-0.08229875878163082,-0.36136913712939545
0.8193183164445861,0.7567268536731472
0.46547057445881607,0.4317075682539555
-0.1932378395384633,0.8655750706447586
-0.7428126800350254,-0.8704487791591683
-0.7640660451046685,-0.171246999921404
0.5194040929590792,0.47869114352751596
0.2946090221528342,0.2766189782815752
1.0677684165228185,0.9792737550433928
0.1706504037844344,0.1570691854346853
0.18918668234719724,0.17531715554377716
-0.3045299945260477,0.6442350959482828
-0.0669281267435767,-0.6489979107408591
1.172719532618161,1.0826032525114506
0.9190804055743254,0.8467670942754605
0.21335361187798693,0.20332522328269365
-0.4491200983339296,-0.9594746289825539
-1.2468341654707422,-1.6050148414143388
-0.5792127236396306,-0.5220916418779873
-0.4797644361171094,-0.4324781638696224
1.1044538353896802,1.0107353191971484
0.8798822616825874,0.8083348281289022
-0.39034060670216403,-0.38499578639033755
-0.1662082300464703,-0.14892492747121905
0.9541053538575189,0.8806661475468771
0.3743855915726623,0.16044721700120224
0.35362339466160786,0.32376528369320257
-0.1419664996139912,-0.12440871524075453
0.30346245567946273,0.2843561426401647
-0.6117871320466965,-0.42552483557118703
-0.5541921813444375,-0.49989987723745494
-0.9509464915347613,-0.5357856127153166
0.04844458595615654,0.051824879244777765
-0.0886898960948782,-0.08073188898387473
-0.21442240891069106,0.18379075571264122
-0.8146702787624593,-0.1904971439240071
1.141766977289273,1.0469948006664211
0.3233604453814374,0.304053925811968
-0.7119293320745165,0.7704143205850172
-0.47663665340425354,-0.5724404007605641
-1.1275478043220448,-1.1790329450138282
0.9140400182755791,0.8433225001589619
-0.3266433220725933,-0.2917789848627657
-0.06867967752626769,-0.06259103172712735
0.6158142797447734,0.5657662389448156
0.08751628855199914,-0.6524195151366151
-0.3726299232758605,-0.6652441953162757
-0.3327777297071934,-0.25216243504625513
-0.6010366681530142,-0.916501389525736
-0.9650342117597649,-0.07805705280478746
0.2869050584478509,0.2645655165554644
-1.4037208964345076,-1.275644193545762
-0.6280910262381431,-0.20143489597840705
0.7206283176382056,0.661699149029608
0.29372427555954217,0.027219158217365123
0.37961134112854933,0.3575336868031084
0.0604004833416739,-0.6587508145933982
0.11633625361430261,0.10734728012888559
-0.4085697840859888,-0.3636867127782281
-0.18361971818651857,-0.16778501996426118
-1.4102544236718648,-0.9070271363504192
-0.0408732928462359,-0.4071696012874882
-0.354743451428452,-0.07708569276754865
0.8661646478040707,0.7934759335616046
0.07351024741621674,0.07539400656180735
-0.845758180521394,-0.349066503194704
-0.030019805960127398,-1.0274554211566944
-0.23450295345916924,0.1353011698783713
-0.6975163632669559,-1.2351991399550866
-0.3544872818500392,-0.31686335872254495
0.19145143132979422,0.17013545073099523
0.29824655168956216,0.2731307355885683
0.7613166702085855,0.6998501494846523
-0.5870195254316682,0.027219158217365123
0.33630884213200446,0.3143597398224032
-0.032797862344082364,-0.016247879908841818
-0.6500384085641688,-0.6959946441759784
-0.4125382181042404,-0.3696578367344827
-1.1654632389356356,-1.1270037045381263
-0.17097901474969746,-0.14888087036367084
-0.23330483215299136,-0.21120329685814188
0.8421032877644974,0.7714270502798012
1.0689898784598946,0.9847149378239721
-0.6776674913845881,-1.0669129900835006
-0.20499624526410234,-0.5696555907213825
-1.304787533537584,-1.4114790997086193
-0.9810265287973117,-1.1868238358711725
0.6003616795301141,0.5490280103130795
-0.7559805226000422,-0.76837025260324
-0.03082433834785914,-0.07454096213106425
-1.283733718364983,-0.1310993144896607
-1.1149055496327869,-2.1381577319683696
-0.26214768477244194,-1.1977669025280122
-0.24011490433538288,-0.2185799547412274
-0.4632119944245575,0.013096339325858625
-0.8654036444900676,-1.068215763706511
0.5973621905876801,0.5477194563441947
0.6508875910942291,0.5959652944742474
-1.3002890378807,-0.9917641483950931
0.1946090194260372,0.1793573544577876
1.6345550560613853,1.4991478385768089
0.5627494002884913,0.5218066879885656
-0.39036895960370616,-0.35067626040623523
0.7133938903082053,0.6597575527773549
-0.9195643434976231,-1.4795202879703275
-0.6142376744713706,-1.7780792164952537
-0.7532399156019105,-0.68157157008992
0.5857414000061689,0.5447891095377866
-0.5045569730390724,-1.2351991399550866
-0.7273722689191315,-2.260289866019124
-0.7344811360978215,-0.6094165552812265
-1.250553593246503,-2.4905895297050225
-1.2268529171843146,-0.4782678731441508
1.4753824279969352,1.350889696121557
-0.8610080840587218,-0.3274104968850077
0.2719829052470296,0.24840186717068044
-0.2792196178398149,-0.2523407795928144
-0.5987254827960544,-0.5835407855784388
-0.3907490006320542,-0.5167549025520327
-0.5801499727291902,-0.5296588171912233
-0.8339431019553307,-0.3938086294383237
0.004282961065669078,0.7479780461806903
-0.36237636971326354,-0.5888916876212812
0.2318197294652817,0.21966392833754717
0.20276134989962755,-0.4103412497298933
-0.38316059990771567,-0.19002817457499585
-0.44272357806619506,-0.400682040706295
0.7414207740308983,0.6861894898861373
-0.7570928121672085,-1.1744861419191583
-0.5157525709829275,-0.47312093742379424
0.8799351178244613,0.8063801336132507
0.3989307938281982,0.36719797933927795
0.6136155836960886,0.5691970228651023
0.0997152470137818,0.08934343581113013
-0.8178668644026184,-0.7404856431147124
-0.822348865979286,-0.8317053478662618
-1.204493316299156,-1.2747578451475918
-0.6291312219960068,-0.5761632691016066
-0.10873596462275315,-0.09190596501024127
0.34029232988682273,0.3093250984165472
-0.4554164561849217,-0.41046022982025304
-0.9206901999045767,-0.8362090471409187
0.43073292214695247,0.3921809687250957
-0.810784956448224,-0.7359718840004068
-0.3522503292527608,-0.3675699526239108
-0.6414287767965913,-0.7114924090724529
0.5854108107331419,0.5425055596296647
-0.17469937450145978,-0.1546454510503135
-0.021180637970659492,-0.011140157904837756
0.0270966821818417,0.02691123305694601
-0.13465452981380036,-0.11998090799380028
0.3510407382380277,0.32096775492166874
0.8578869268209272,0.7925255044639775
-0.2440723138868073,-0.21598371076095105
-0.2083498394188115,-1.6615022063408462
0.09737456883158925,0.0922417857377836
-1.56397228524974,-1.4306715176773503
0.7300026931854695,0.6659309061533751
0.49931517596926595,0.46456737453109187
-0.04656399551864397,-0.03510118959551907
-1.2896951974944653,-1.1798430742938721
-0.5467319477601362,-0.4951043352582828
-0.685143238615355,-0.5802934322502241
0.6250550247116969,0.5738322828815073
0.6466915779146319,0.5953224095312906
-0.5766664995495365,-0.5242440181091372
0.49801488020048407,0.46315889650375053
-0.2604448725887746,-1.0405596884679493
0.6787706342251958,-0.6299120176866437
-0.2917887712442097,-0.2625343286605197
-0.7774737611507306,-0.9250035631931044
-0.8124231548405292,-0.7377463775389433
-0.7871541640984082,-0.7214960674893701
-0.20672834899168444,-0.36328738889732465
-0.7368539780863604,-0.4865350649866911
0.3757494205751505,-0.3958581278215767
-0.5857467742741674,-0.9681716662362203
-0.07702102370677513,-0.06281057334789719
0.20119496287592925,0.19380768804080967
-0.5455578322360588,-0.06486183611913614
-0.6697419055826401,-0.11118986962361617
0.2143860181828053,-0.5270320170350639
-0.3772529644968295,-0.3432126948862098
-0.20553347529725768,0.8131677010466414
-0.937268210699026,-0.8572797566936583
0.002958204478019818,0.0025541130154262846
1.2203763511098809,1.1216902488780651
-0.050351243784687395,-0.04273770541526635
0.11966024714471446,0.11276180781181232
0.830159979867211,0.7604924861131194
0.6037577530746404,0.5604504860566704
0.07072914487685876,0.06337951065473169
-0.527936867954879,-0.8127280173823421
-0.6600925147554074,-0.5983242799346635
0.15113063221108855,0.1377531302879156
-0.5903671489286485,-0.5846498816382285
-1.2423509843889768,-0.5184474096884042
-0.40639003365445714,-0.2535597281500337
-1.0245895235158529,-0.9302528410889074
-0.4952928047839605,0.7048591372105294
0.15145678308503097,0.14175359213324115
-0.01565215964857483,-0.07720851647167801
-1.2793362175705882,-1.1656716006867591
-0.5614438194647559,-0.4879118687642718
-0.7208082833236602,-0.6528280006138298
0.3449890342886639,0.15566159885590566
-0.3462233180840954,-0.31468498527767247
-0.7809267237742695,-0.46837883984435497
0.010001400901953247,-0.7828539457973007
-0.20042016910061233,0.6950446434245214
-0.08371874524016182,-0.07534714736025012
-0.033700817158791474,-1.0312307019501479
-0.6837564067498779,-1.7490572792553885
-0.5585719276308322,-0.044172297428270065
0.8957355963993001,0.8275158913348719
-0.07294345733361801,-1.1539243773772576
-0.4281441518902073,-0.3915942804363076
-0.6356711714611595,-0.5734893569873076
-1.236051939543991,-0.6834852160155964
-0.15249316141028946,-0.8284695020793968
0.13137048232135046,1.0972022166078088
-0.1641142988739897,-0.3120144298992082
-0.4264610794794926,0.07389049723107986
-0.6152037178320874,-0.2533241595097287
-0.42145574715146283,-0.3860316563284044
0.06998357280222467,0.06618082251476387
-0.15002448758506315,-0.12965491039778065
0.5792752137638308,0.5319995962028556
-0.07258647488760406,0.19812168693892632
-1.2895410890635528,-1.1811544778179108
-0.6310952095284769,-0.005492732636464525
-0.19876924761064715,-0.1807178941112018
-0.5998924476961999,-0.3945424770804714
0.8766264316064092,0.8108248626784064
0.6764513403040848,-0.29741815860098414
-0.22918608154848397,-0.20157591191611376
0.2740984510172547,0.2506934225264861
1.038366635750799,0.9494865004719267
0.11113042963811409,-0.9885270041147352
-0.5186516337685964,-0.4746007061017838
0.4274980887330383,0.39436475108434854
-0.01282340735201056,-0.21291343003230542
-0.2805534866192959,0.4724591887480045
-0.3946686657664604,-0.35365388856723295
0.6503245008287316,0.028490580793027798
-0.5405760592149441,-1.090448677824593
-0.7069241857312363,-1.2885937484520273
-0.9658098506912299,-2.3046163908830315
-0.1980900797479402,-0.18171947298055308
0.044552195507868236,-0.114007286019775
1.2536240783494526,1.153498734279438
0.6349910647300046,0.5845949834762248
-0.6780425383434239,0.46553977781720113
-0.4182351236626763,-0.37750366013177006
-0.15337536504012456,-1.6820804664947049
0.10324964515848002,0.10221457198372225
0.34259000689113933,0.3136895747600279
-1.2796991251458745,-1.3661086699595488
-0.36587560165737343,-0.3359723033352126
-0.4791890052365171,-0.8103783924327044
-0.5566156488776258,-0.7533922254470705
-0.3214297008858407,-0.29293441122029673
-0.7499547319216342,-0.6812017097698202
-0.37147854076456094,-0.3403444127387336
0.6202142274970097,0.5724727414338316
0.09019748887850604,0.08265905534202683
-0.817832058071731,-0.7404479409599898
-0.11235340111619607,-0.09757449598712543
0.23937687707665947,0.22233331251283156
-0.8328683930165213,-0.75673527180358
-1.1209062980371822,-0.22930222587592797
-0.02844434542032581,-0.02255290208539673
-0.018886439281886717,-0.010426121030058508
-0.4465374047892583,-0.40648569431974585
-0.3657174986800757,-0.04914414499104235
-0.1005768555384803,-0.08481816309597047
-0.05106365913803735,-0.9458677694482722
-0.8914036776695637,-0.8244133751770186
-0.914595677273326,-2.0644986625776935
-0.15838037613476522,-0.14044581025794955
0.049615753004793345,0.05130384988341258
-0.48328406575946486,-0.6244904134705765
-1.0116137905503697,-0.0064811934467293025
-0.6108023802930475,0.28192702451381196
-1.1395605625895278,-1.0365940201121313
0.42618730540652017,0.39672218343204646
-0.5413435422621122,-0.821772220612004
0.6799491015311473,0.6215683903432341
0.29296811483770546,0.2766915912469024
-0.5803317923463147,-0.531499626203626
-0.05826529245897179,-1.1634635889623852
-1.5158255305617758,-1.3813529936776314
-0.5588651714634657,-1.6792413753361122
0.2404429544126443,0.2179463915761393
-0.48920158909028105,-0.44436096181176327
-0.9761778094439031,-0.8870247015290087
-0.1803279832898268,-0.7595985137686246
-0.94937363335805,-0.8641741247461067
0.6433033161071877,0.593598799148839
1.6525483931323377,1.5186381887804965
-1.5422528537217237,-0.5774041143068183
0.18605955086647774,0.17376034571170768
-0.20691731684629175,-0.18089587209789446
-0.21721370129897113,-0.680638614782868
0.2128561444748577,-0.185526317614583
-0.7336465726081453,-0.6667344123697214
-0.6338084143734859,-0.5730921590323581
-0.852646153664413,-0.7813158571873913
-0.6618568323749908,-0.6067221642969363
-0.5229738574483526,-0.4776244310044726
-0.14473018560154002,0.0908977382008773
-1.212167283678115,-1.3157968568038225
-0.8739019631731464,-0.2188060307850697
0.10101285562396405,0.09437424105874645
-0.41638191883593834,-0.3675699526239108
0.9556970301752491,0.8722340115446952
-1.2531265636189408,-1.1417103296524518
-0.16048918241866122,-0.08800235373652658
-0.5412974385907896,-0.8889970885477226
-0.39175946183147153,-0.35050264412140625
-0.35727465652639107,-0.318195502096119
-0.2921618181433068,-0.6354593402613445
-0.9504351065712268,-0.8699843090686521
-0.4862791864003014,-0.4428583074822858
0.8217685700172418,0.7514029261258097
0.7713897689033096,0.706797388437143
0.17884683615208813,0.5828009338673871
-0.3522503292527608,-1.4199536389100447
0.0626903399366716,0.05828080585266546
0.009445667199035479,0.009581320912839081
-0.4677376878171108,-0.05031592796172495
-0.3888416984438003,-0.35238886486368376
0.09037794344036085,0.20070856030672687
-0.5941494383455346,-0.5366389270148548
-0.67851887089284,-0.6134427616215476
0.5443827723887494,-0.1793989961824038
-0.8388202755988602,-0.7631823402625065
-1.057745425350391,-2.0109358871744503
-0.1061367822039956,-0.0925933887031305
-0.7570928121672085,-0.5682457292966788
-0.27529690028984016,-0.2532425279433555
-1.5490437634503702,-0.4664976011795896
-0.21575159797165672,-0.1921896653092034
-0.6657498581478913,-0.5835407855784388
-1.1966422320889607,-1.0879485443295167
-0.08539531081149078,0.09302675592110733
-0.38110291393722856,-0.3440062274691235
-1.1463587772127077,-0.38219889608169544
0.11656460711650125,0.11121987017555157
-0.7276739927927095,0.11511442835963763
-1.1319363614784754,-1.6674045834189202
-1.066769650168964,-1.194863970914873
-1.2583321481451453,-1.151796102606954
-0.6208832764523838,-0.5623396825552868
-0.3044285002857134,0.7156134804799699
-0.06038814834911275,-0.4838149868994843
-0.5023062803070218,-0.05157427343801685
0.2289224789870654,0.20916470340737606
0.1103432507004093,0.10628943850547688
-0.5613640806768417,-0.5076684656356806
-0.4499638179512152,-0.40518685426007783
0.8343390269566904,0.7670184618789103
-0.6150501127532888,-0.5560212101762009
-1.1254399089424016,-0.7028473128170093
-0.5470639813354408,-0.5004097618368345
-0.3108797279368289,-1.0689353557929244
-0.19340009533895372,-0.17490203807182222
-0.6179961657513505,-0.31359074531290193
0.8091063355880207,0.7396864561804279
0.014504559754084068,0.022192954699523627
-0.8776395980930343,-1.1509004198142492
-0.5859985429641635,-0.5261800845817446
-0.18425505729447872,-0.15979972126914527
0.37353960217638577,0.33969428642043864
0.7174433182709078,0.6543039011775231
-0.6849562387987947,-0.6204157069058277
-1.300287212509333,-1.1898400009269714
-0.14358834396151407,-0.12791045606964715
0.684725632192783,0.6365208284029359
-0.07966681800626538,-0.7149907610963696
-0.31859294756640893,-1.4453030269738727
-1.8071952808064413,-1.5786464170008114
-0.16112299384197695,-0.1486515004041655
-0.4559914990271648,-0.41840129770584666
-0.6724819962925367,-0.7016723489137385
0.7571984607129318,0.701311861930806
0.017634484226213238,0.014869480834356455
-0.23933372696210264,-0.016247879908841818
-0.2859917870116735,-0.2562550458141759
-1.5362939739782786,-1.9384608971032904
-0.4988497234689506,-1.562565391971154
-0.33108255514768825,-1.535626342505496
-0.8686236973586626,-0.7891771836498943
-1.0608136123210206,-0.9710206200464373
0.015488275333484586,0.01612666312587293
-0.7493942884989676,-0.6805946384670856
-0.9824268567723651,-0.5095283769661961
-0.09866902114397241,-0.09154125920612204
-0.5593971303168788,-1.248387349242972
-0.7271806911936445,-0.05742382964186372
-0.43589388197922646,0.5697199617716178
0.4280329934942322,0.6948290981729984
-0.5569894453837158,-0.07265349014364013
-0.04288166155213538,-0.031112492096533995
-0.8849677046025168,-0.7901431178946859
-0.7340871775185336,-0.6640140035109192
-1.1118566705358646,0.6099328093218352
0.2430277983924903,0.22996844175282447
-0.6213495209582958,-1.4613121395116921
0.01998978159387854,-0.9743761449950241
-1.2600779676163318,-1.1477617444042643
0.6956551462513912,-0.19850569742252816
-0.17522633234285678,-0.5682457292966788
-0.7655144962808081,-0.7533922254470705
-0.44023717629644304,-0.3305087516395149
-0.6914493885742091,-0.07265349014364013
0.6561513078230681,0.5997112483673439
-0.12581366845865619,-0.11566267798142357
-0.6141103194536629,-0.14290939189787272
-0.9729688833657526,-0.2065829938695352
0.015939586902833227,0.020186774509516326
-0.7287006742772426,-0.6613770242342445
-0.07834253764915043,-0.06952364901173073
-0.16078951569133534,-0.4543128916956423
-1.0913267496224053,-0.991892068150652
0.004675134055031683,0.006200848332998104
-0.23031657555861365,-0.20624190685577368
-0.450230503436958,-1.2569034409695115
0.1817008511028538,0.1708667361552015
0.17543464114979138,0.16772636466423893
0.507301537296369,0.4713134819820509
-0.4385489149709502,-0.39950752217256996
-0.8858935870896449,-0.8110235719523253
-0.3100370958966332,-0.28401029714353526
-0.7072268258544098,-0.8618509515533063
-1.6831305022815921,-1.5345732790453588
-0.43762602006186985,-0.3934902686297711
-0.5282075889989012,-0.4750387833191013
-0.18994636862599504,-1.4759281740778096
0.38537867354623534,0.3525183471367145
-0.08170590287613873,-0.22014378113978542
-0.2763543007250112,-0.24581573808211124
-0.22013261970224127,-0.19348867888527868
-0.7264017204015414,-1.7711199128041968
-1.7754561488895928,-1.6181284950146697
-0.5436892071006454,-1.996360847649229
0.6062195599238427,0.005525301053785536
-0.4047970053919225,-0.3646248877490109
-0.5160384496573998,-0.4734306006874442
-0.996398912112379,-0.9073876128561971
-0.7436642006981823,-0.6759855226472333
-0.2423765581712254,-0.21586381236046562
-0.537595322998145,-0.9472974463161304
-1.0501184238196322,-0.9625017953961368
-0.2611746914353361,-0.23450897521984573
0.49109860890750695,0.5167669167046812
-0.5386290134897411,-0.49292635351947817
-0.5513897039937798,-0.5001496083946287
-0.024031216209890297,0.5965116414679363
-0.2554784870266522,-0.23177525850588548
-0.39439648840284314,-0.8734694762485236
-0.4760783348946816,-1.2337608404506095
-0.2456370855397652,-0.22283705558527853
-0.5421464646419073,-1.5786464170008114
0.19790709281434515,-0.22485383843265894
-1.1136956930572548,-1.0191545573790315
-0.44897732885681735,-0.4986100062251771
-1.2095096888803991,-0.4703988003971148
-0.2030405733448528,-0.8722382239714042
-0.7715335532473104,-0.7013872053333167
-0.6794743445453224,-0.6018312781025513
-0.47141990017301993,-0.9233527907078874
-1.1285676976457313,-1.3689196026904387
-0.18415477445739167,-0.16315282947221021
0.005253212502462981,0.010392941151888175
-0.9267388314652436,-0.8427609139183699
-0.6008406073960336,-0.5438867892402545
-0.5766245784068222,-0.2724689465569073
0.0933807392520836,0.5370057427202645
-0.34210946296435224,0.09302675592110733
-0.462472291475491,0.6665077493161468
-0.3854139543938471,-0.5362473052352904
-0.7711804021995504,-0.7057910223954555
-1.0820597518426953,-1.3632213647167235
-0.9370505520050714,-0.49559345682092176
-1.9226295226862902,-1.7573404171441656
-1.3720336043871837,-0.25697591325638275
-0.2561614953004449,-1.0298011416148767
-0.10089888042819473,-0.09219348669053813
-0.6827999185444112,-0.5270320170350639
-0.1242942212212809,-0.4501698349777656
-0.28718741500959377,-0.25755014790124475
-0.5561618497884075,-0.49559345682092176
-1.019443238952205,-0.9338897365975697
-0.9780364675134615,-0.8890379965916202
-0.07932372702073538,0.6744799058906448
0.15415313169328193,-0.025999890658765235
0.3066995604315602,-0.3447412269686899
-1.2721065475011026,-0.3154305785009206
-1.1022896319275883,-1.527381058182726
-0.6949514016029231,-0.6280266093342581
-0.5658376416465913,-0.5125142187949822
-1.4223721096303592,-1.30254688341907
-1.1484277851875482,-1.0431955183028339
-0.9902544751688558,-0.23212709159356573
-0.4926803994189644,-0.3467770195442953
-0.7863007197645349,-0.7126168477959948
-1.06563445889447,-0.9670947153740769
-0.7911304527121271,-0.7194348751457381
-0.0408732928462359,-0.5645321586221144
-1.0290287300387784,-0.9396574771989828
-0.07046397747198885,0.7048591372105294
-0.45822910822734014,-0.4191501263585537
-0.6717922069782247,-0.6158589818097274
-0.8146244605189615,-0.7385510430799958
0.09057043255936637,0.08306302726329225
-0.19545628491720457,-0.1736624643534955
-1.1015602420908,-1.0029769687018568
-0.7582605628856496,-0.6949984747744998
-0.614635075007599,-0.1959008391911759
0.19488197608003943,-0.5149015936104365
-0.09011765173460061,-0.08051527924989645
-0.4019782717907041,-0.36325144639073687
-1.4141560730328013,-1.2941712580837235
-1.1399613160689632,-2.1193092919533583
-1.1217529353637952,-1.023336540939592
-0.71300075877907,-0.1350509516947914
-0.34767388070374283,-0.31286473399602693
-1.9612801907039015,-1.7899106866778265
-1.9199307120435338,-1.7517524841807872
0.20188110821104396,0.19089822803994844
-0.8582014544345964,-0.7794565663248637
-0.4887900437726755,0.043021189991382755
-0.7401598671930272,-0.6769963375758118
-1.3595626227789899,-1.1018705320555857
-0.6223256149621954,-1.004324094513049
-1.1848987309127168,-1.0842014821793813
-1.411218934354962,-1.290989754774904
-0.7491307739178544,-0.6787137516618311
-0.48380003032296065,-0.3293601373422523
-0.431918076904539,-0.39568218919288195
-1.704266784624376,-1.553330833472339
-0.9518283488263484,-0.7440081200392492
-0.5360252606927237,-0.5658012115038477
0.2935335661347618,-0.5582199378141816
-0.3299863951536871,-0.6678672393479138
0.006478332834630258,0.39047569303339585
-1.4044960911133044,0.2880976672403987
-0.16316039172130675,0.1705570019633077
-0.07433216671914274,-0.06341647040337083
-1.126350155647725,-1.54121189971866
-1.000443623129961,-0.9133093870686594
-0.9155747857847194,-0.8306680398091432
0.07326066838025458,0.06792746514684694
-1.2803804313351836,-1.8691118984562671
-0.2444118199609627,0.3645851174449244
-0.7004530910637083,-0.6388132151747404
-0.7881334512509443,0.10871515156495697
-0.2845279435221651,-0.2615221168106849
-0.5632757596442268,0.9395663462086975
0.343930646079347,0.3814441874724411
-0.21496831959406795,-0.19479786505984778
-0.9830784646655878,-0.8975870077778235
-0.3748722372912416,0.2224937120826107
0.5384318412048205,0.4993019660467232
-0.6571313525393617,-0.5951167543726119
-0.4098744487164686,-0.7559127982040786
-0.44937621812317435,-0.8174778989303654
-0.611361225690253,-0.6427834849469832
-0.3179771925547209,0.08623365028133011
0.32122076298371255,0.2924152149944316
-0.8487723762566608,-0.9768561445913251
-0.24759778505732927,-1.6029908258943213
-0.007445669469529034,-0.931499093944964
0.07962842254798645,0.07482500495564715
-1.636438014556777,-1.4909278286360157
-1.2022460941102318,-1.1424711987806688
-1.0508397325645493,-0.963283115725363
-0.8440151069959907,-0.41067384751901775
-1.7457399736627175,-1.5900287333449765
0.5035321489848124,0.22332414633572303
-1.1808922594416744,-1.0738711832992598
0.07523429978895133,0.0700652991226793
-1.141104989066282,-1.0397717628355114
-0.9173692379597912,-0.8341674199343037
-0.2560760304034043,-0.12371307252490245
-0.7413916531878203,-0.22485383843265894
-0.32698230406831613,-0.8142930934154269
-0.9416498234882452,-0.8604681063070132
-0.721720475261074,-1.160202990836431
-0.9317374837751204,-0.8528488659521867
-0.8704671174813056,-1.1150303547211537
-0.5299825337172479,0.4706534393426987
-0.621490189444648,-1.8721958454853556
-1.4170599905892705,-1.290093076232247
-0.23987816343445223,-0.9646336913959924
-0.9525518363976112,-1.4693130457321415
-0.7220864344535451,-0.9070271363504169
-0.5604664062672531,-0.5083376135651807
-2.3825162169039933,-2.1809103057262798
-1.0855791369474808,-1.0442089468662437
0.42679368379418253,0.7521040797114545
-0.6000994379624587,-0.5496265346578271
0.1784717917131908,0.16919399009508743
-1.1884814493198554,-0.4319078199077803
-1.589646632799403,-1.4542451073428089
-0.7450858796875727,-0.6759277778272393
-0.43652551527185196,-0.0857775557742595
-1.4548296980323687,-1.3224004534981102
-0.675679395237053,-0.45098935319274264
-1.7466760606124383,-1.5992684845947347
-0.18934765334444287,1.6062429086097438
-0.35252420080970037,-0.4165777541815164
-0.23054496676558958,-1.0979084055878974
-1.3007381153908004,-1.184443122945126
-0.2992847796254803,-0.27407532658401523
-0.24912709298752644,-0.6018312781025513
-0.2849639923361217,-0.26199444409810185
-0.4333946976391196,-0.38723921307615766
0.3316003846150931,0.12183644251827093
-2.057464786585106,-1.8835755522200663
-0.7426339397135564,-0.6732718408777509
0.15423741343100664,0.15261019319780617
-0.7552729154440109,-0.7028473128170093
0.13986054109510998,0.13718991937990108
0.16399739079260617,0.06185035299217458
-0.41696209327197103,-1.1257590941405233
-1.5784158512461721,-1.8583631329955184
-0.11296560737982808,-0.42552483557118703
-0.8121791678459406,-0.7374820912672457
0.8811503139818792,0.8137227185257355
-0.5181265504109341,0.15566159885590566
-0.8923849034470767,-0.8133487373464051
-0.15419816101811784,0.012887757146487142
-1.231667338408827,-1.1273781478735487
-1.1129968973092292,-1.012340979595189
0.26478273168828675,0.11577171268444286
-0.3813548743630164,-0.3442791505470881
0.16570148063398957,0.15170852082018113
-1.845116075334005,-1.6841055456645722
-0.6474184196161935,-0.5862139549631028
-1.0575214406815912,-0.9613475700857249
-0.8536386139515848,-0.77608504332954
-0.05657994390740201,-0.04595044679274852
-1.041614679449284,-0.9548268364761531
-0.8809991586349161,-0.807295078289823
-0.130692468493344,0.08472750155483312
0.13990216687235865,-0.4901599966363805
-1.035678384767898,-0.7946101752115114
